ID,Title,Summary,Account Name,Account Size,Category,Source,Priority,Priority Score,Status,Owner,Action Needed,Created At,Updated At,SLA Deadline,Response Time (hrs),Resolution Time (hrs),SLA Breached,Sender Name,Sender Email,Raw Message
ESC-0001,Service Complaint - Post Policy Issuance Support Failure,"Customer extremely disappointed with post-sale service. Claim reimbursement process is complex - portal issues, strict document format requirements, website failures. Requesting offline submission option. Threatening to not recommend Plum to HR community.",Manufacturing SME Client,SME,Service Complaint,Email,High,72,Open,Avik Bhandari,Decision,2026-03-10T09:30:00Z,2026-03-10T09:30:00Z,2026-03-10T21:30:00Z,,,true,HR Manager,hr@manufacturing-sme.com,"Dear Avik, I am extremely disappointed with the level of service and support provided by your company post policy issuance. Your service appears to be effective only during the sales process. Once a claim arises, the support structure is practically non-existent. We recently had a claim under our policy and opted for reimbursement. The portal is highly complex, there are specific format requirements, and the website failed after uploading. I am seriously reconsidering my decision to choose your platform over a traditional offline agent."
ESC-0002,General Inquiry - Insurance Referral Request,"Non-escalation: Someone's brother is looking for insurance for his firm. Simple referral/lead request, not an actual issue.",Unknown,Startup,General Inquiry,Email,Low,10,Closed,Susmita Roy,Follow-up,2026-03-12T14:00:00Z,2026-03-13T10:00:00Z,2026-03-14T14:00:00Z,2,20,false,Contact,contact@referral.com,"Hi Avik, My brother is looking for an insurance for his firm. Can you reach out to him? Regards,"
ESC-0003,Endorsement Pending - Employee Addition Delayed,Payment made on 20/02/2026 to add employee. Website says 3-5 working days but it's been 8+ days (28/02/2026). Still following up with no resolution.,Client Company,SME,Endorsement Pending,Email,Medium,45,In Progress,Vaishnavi Bhat,Follow-up,2026-02-28T10:00:00Z,2026-03-02T11:00:00Z,2026-03-01T10:00:00Z,4,,true,Karan,karan@client-company.com,"Dear All, We have made payment on 20/02/2026 to add an employee. As per your website/process it takes 3-5 working days which also has elapsed. Today is 28/02/2026 and still am following up. Wondering when will this get done? Warm Regards, Karan"
ESC-0004,General Inquiry - Request to Call,Very brief email - just 'Request to call'. No details about issue. Needs acknowledgement and callback.,Unknown,SME,General Inquiry,Email,Low,15,Closed,Vidushi M,Acknowledgement,2026-03-14T16:00:00Z,2026-03-14T17:30:00Z,2026-03-16T16:00:00Z,1.5,1.5,false,Client,client@company.com,"Dear Avik, Request to call. Regards."
ESC-0005,Training Request - Dedicated App Training Needed,Employees haven't started using the Plum app. Tax invoices still pending. Previous common training session was not engaging. Requesting dedicated training for their team. Warning that benefits may go unused due to lack of awareness.,Client Organization,Mid-Market,Training Request,Email,Medium,38,Open,Vidushi M,Follow-up,2026-03-08T11:00:00Z,2026-03-08T11:00:00Z,2026-03-09T11:00:00Z,,,true,HR Head,hr@client-org.com,"Hi Mr Avik, At the moment, I do not have any feedback to share, as none of our employees have started using the app yet. I have also requested the tax invoices, which are still pending. Additionally, I had requested a dedicated training session for our employees on how to use the Plum app. The session we attended was not very engaging, and our employees were unable to ask questions or fully understand the application. It would be appreciated if you could arrange a proper training session specifically for our team. Otherwise, the benefits may go unused due to lack of awareness. Looking forward to your support. Regards,"
ESC-0006,Service Complaint - Dissatisfied with Survey & Past Escalations,Customer absolutely not satisfied. Refuses to recommend Plum in HR community. Won't fill survey due to unresolved past escalations. Strong negative sentiment.,Dissatisfied Client,Mid-Market,Service Complaint,Email,High,65,Open,Avik Bhandari,Decision,2026-03-11T08:00:00Z,2026-03-11T08:00:00Z,2026-03-11T20:00:00Z,,,true,HR Director,hr.director@mid-market.com,"I am absolutely not satisfied and trust me I am not going to put a good word for Plum to anyone in HR community. I don't want to waste my time in filling the survey as I have not seen any improvement for the past escalations as well. With Gratitude,"
ESC-0007,Cashless Failure - Emergency Medical Situation with Multiple Failures,"Critical: Employee medical emergency (Rahul Gaur, Emp ID PM0227, Claim 82086141). Cashless facility issue due to missing Health ID. Multiple failures: lack of emergency support, unresponsive contact channels, unprofessional POC behavior, unanswered emails. Threatening legal action, IRDAI complaint, social media escalation, and non-renewal.",Enterprise Client,Enterprise,Cashless Failure,Email,Critical,95,Open,Avik Bhandari,Decision,2026-03-15T07:00:00Z,2026-03-15T07:00:00Z,2026-03-15T11:00:00Z,,,true,HR VP,hr.vp@enterprise-client.com,"Dear Plum Team, I am writing to formally escalate the unacceptable service and deeply frustrating experience we encountered during a recent employee medical emergency involving Rahul Gaur (Emp ID: PM0227, Claim Number: 82086141). The entire process was unnecessarily complicated and highly stressful. Key failures: 1. Lack of Support in Emergency 2. Unresponsive Contact Channels 3. Unprofessional Behavior from POC 4. Failure to Issue Health IDs 5. Business POC Unavailability. We will not be renewing our policy with Plum. We will be forced to pursue legal avenues and share detailed accounts through word-of-mouth and public feedback channels."
ESC-0008,"Claim Delayed - Awaiting IL Revert, Potential Social/IRDAI Escalation",Slack thread: Claim stuck awaiting revert from IL (insurer). User threatening social media escalation and IRDAI complaint. Claim needs to be processed as business exception per UW approval. Calls from user getting disconnected on hotline. Multiple team members involved over 15+ days.,Sensitive Account,Mid-Market,Claim Delayed,Slack,Critical,88,In Progress,Vaishnavi Bhat,Unblock,2026-01-15T16:09:00Z,2026-01-30T17:58:00Z,2026-01-15T20:09:00Z,1,,true,Vidushi M,vidushi@plumhq.com,"Slack Thread: Vidushi M (Jan 15): Any updates on this? | Vaishnavi Bhat (Jan 16): Awaiting revert from IL, will update on timeline. | Vidushi M (Jan 19): User not okay with delay, potential social media escalation, mentions IRDAI. | Vaishnavi Bhat (Jan 21): Claim to be processed as business exception, awaiting UW approval. TAT by next Friday. | Also calls from user getting disconnected on hotline. | Vidushi M (Jan 30): When will this be resolved? Informed user it would be settled this week. | Arun Saseedharan (Jan 30): @Avik Bhandari for your eyes - this might go as social escalation."
ESC-0009,"Account Data Error - Incorrect Onboarding Data, Full Restart Needed",Slack: All information provided are incorrect starting from premium to EIDs. Dashboard set up and policy placed but data is wrong. Entire onboarding needs to restart. Very sensitive customer. Multiple senior people tagged including Avik Bhandari.,Sensitive Enterprise Customer,Enterprise,Account Data Error,Slack,Critical,85,Open,Akshay Golechha,Unblock,2025-11-11T12:27:00Z,2025-11-11T12:27:00Z,2025-11-11T16:27:00Z,,,true,Susmita Roy,susmita@plumhq.com,"Slack Thread: Manashi (Nov 10): Need change - GWP (Exc GST) For All Products Sold should be INR 1,53,991 + GST for GMC & GPA. | Susmita (Nov 11): @Manashi All information provided are incorrect starting from premium to EIDs. Dashboard set up and policy is also placed. To change the EIDs now we have to take product help and the whole onboarding has to be restarted. This is a very sensitive customer. @Vakti Vedant Panda FYI @Manashi Please help manage any escalation here. @Akshay Golechha @Avik Bhandari @Prakrut"
ESC-0010,"Claim Rejected - DUR Pendency, Exception Processing Needed",Slack: Multiple claims need fast-tracking. One claim (chirag.gupta) rejected as valid day care summary not provided. Claim to be processed as exception per discussion with Avik. DUR raised for consultation paper and self-attestation. BF5278 DUR Pendency closed but needs review.,Key Account,Mid-Market,Claim Rejected,Slack,High,70,In Progress,Ipsita Sahu,Decision,2025-09-04T15:37:00Z,2025-09-09T18:23:00Z,2025-09-05T03:37:00Z,1,,true,Mikhel Dhiman,mikhel@plumhq.com,"Slack Thread: Mikhel Dhiman (Sep 4): Following recent call where director was present, discussion didn't go as expected. Please draft email with claim details and next steps. Involve @Avik Bhandari to escalate with insurer. | Arun Chacko: Will review all open claims by tomorrow. | Ipsita Sahu: BF5278 DUR Pendency Closed - @Rajorshi can you review the DURs? | Arun Chacko (Sep 8): @Abhishek Ranjan Please fastrack claims. | Arun Chacko (Sep 9): First claim of chirag.gupta rejected as valid day care summary not provided. Will process as exception per Avik's discussion. | Subash P: Communicated to user about exception processing."
ESC-0011,Cashless Failure - HCL Technologies,Pre-authorized cashless for planned surgery denied at last minute. Patient already admitted. Hospital threatening to discharge.,HCL Technologies,Enterprise,Cashless Failure,Email,Critical,82,Open,Akshay Golechha,Acknowledgement,2026-03-05T22:30:07.525Z,2026-03-08T22:30:07.525Z,2026-03-06T02:30:07.525Z,,,true,Pooja Bansal,pooja.bansal@hcltechnologies.com,Pre-authorized cashless for planned surgery denied at last minute. Patient already admitted. Hospital threatening to discharge.
ESC-0012,Training Request - Testbook Edu Solutions,Request for on-site training at Chennai office for 31 employees on how to use health benefits.,Testbook Edu Solutions,SME,Training Request,Email,Critical,87,Open,Mikhel Dhiman,Follow-up,2026-02-19T22:30:07.526Z,2026-02-27T22:30:07.526Z,2026-02-20T02:30:07.526Z,,,true,Sunita Devi,sunita.devi@testbookedusolutions.com,Request for on-site training at Chennai office for 31 employees on how to use health benefits.
ESC-0013,Onboarding Issue - Hyperface Technologies,Policy issued but member data not uploaded correctly. 176 employees showing wrong names and DOBs. HR unable to distribute cards.,Hyperface Technologies,Startup,Onboarding Issue,Email,Critical,90,Open,Subash P,Decision,2026-01-25T22:30:07.526Z,2026-02-02T22:30:07.526Z,2026-01-26T02:30:07.526Z,,,true,Nikhil Jain,nikhil.jain@hyperfacetechnologies.com,Policy issued but member data not uploaded correctly. 176 employees showing wrong names and DOBs. HR unable to distribute cards.
ESC-0014,Network Hospital Issue - Kuku FM Audio,Network hospital refusing Plum cards citing non-payment from TPA. 50 cases affected this month.,Kuku FM Audio,Startup,Network Hospital Issue,Email,High,50,Open,Avik Bhandari,Investigation,2026-02-22T22:30:07.526Z,2026-02-28T22:30:07.526Z,2026-02-23T10:30:07.526Z,,,true,Rohit Joshi,rohit.joshi@kukufmaudio.com,Network hospital refusing Plum cards citing non-payment from TPA. 50 cases affected this month.
ESC-0015,Reimbursement Delay - Groww Investments,Reimbursement approved but payment not received for 29 days. Finance team confirmed no payment processed.,Groww Investments,SME,Reimbursement Delay,Slack,High,55,Open,Vaishnavi Bhat,Investigation,2026-02-04T22:30:07.526Z,2026-02-07T22:30:07.526Z,2026-02-05T10:30:07.526Z,,,true,Harsh Agarwal,harsh.agarwal@growwinvestments.com,Reimbursement approved but payment not received for 29 days. Finance team confirmed no payment processed.
ESC-0016,Reimbursement Delay - HCL Technologies,49 reimbursement claims from same account all stuck. Total outstanding: Rs 146405. HR demanding immediate resolution.,HCL Technologies,Enterprise,Reimbursement Delay,Email,Critical,73,Blocked,Vidushi M,Decision,2026-01-19T22:30:07.526Z,2026-01-28T22:30:07.526Z,2026-01-20T02:30:07.526Z,4,,true,Sunita Devi,sunita.devi@hcltechnologies.com,49 reimbursement claims from same account all stuck. Total outstanding: Rs 146405. HR demanding immediate resolution.
ESC-0017,Portal/Tech Issue - Testbook Edu Solutions,Mobile app not loading member benefits. 145 employees reported the issue. App shows blank screen after login.,Testbook Edu Solutions,SME,Portal/Tech Issue,Email,Low,18,Closed,Vaishnavi Bhat,Decision,2026-01-24T22:30:07.526Z,2026-01-27T22:30:07.526Z,2026-01-26T22:30:07.526Z,11,40,false,Sneha Iyer,sneha.iyer@testbookedusolutions.com,Mobile app not loading member benefits. 145 employees reported the issue. App shows blank screen after login.
ESC-0018,Endorsement Pending - Reliance Industries,Payment made 25 days ago to add 39 employees. Process should take 3-5 days but still pending. HR following up daily.,Reliance Industries,Enterprise,Endorsement Pending,Email,Critical,73,Open,Rajorshi Chowdhury,Acknowledgement,2026-03-15T22:30:07.526Z,2026-03-19T22:30:07.526Z,2026-03-16T02:30:07.526Z,,,true,Vikram Singh,vikram.singh@relianceindustries.com,Payment made 25 days ago to add 39 employees. Process should take 3-5 days but still pending. HR following up daily.
ESC-0019,Billing/Invoice Issue - Reliance Industries,"Tax invoices requested 42 days ago, still pending. Finance team needs for quarterly filing.",Reliance Industries,Enterprise,Billing/Invoice Issue,Slack,Critical,80,In Progress,Rajorshi Chowdhury,Follow-up,2026-02-05T22:30:07.526Z,2026-02-13T22:30:07.526Z,2026-02-06T02:30:07.526Z,3,,true,Divya Pillai,divya.pillai@relianceindustries.com,"Tax invoices requested 42 days ago, still pending. Finance team needs for quarterly filing."
ESC-0020,Network Hospital Issue - Groww Investments,Medanta removed from network without notice. 68 employees mid-treatment affected. Need urgent resolution.,Groww Investments,SME,Network Hospital Issue,Email,High,64,Open,Vaishnavi Bhat,Acknowledgement,2026-02-19T22:30:07.526Z,2026-02-21T22:30:07.526Z,2026-02-20T10:30:07.526Z,,,true,Amit Thakur,amit.thakur@growwinvestments.com,Medanta removed from network without notice. 68 employees mid-treatment affected. Need urgent resolution.
ESC-0021,Policy Issuance - HCL Technologies,Request for a callback from Avik. No details provided about the nature of inquiry.,HCL Technologies,Enterprise,Policy Issuance,Slack,Low,21,Closed,Arun Saseedharan,Follow-up,2026-01-29T22:30:07.526Z,2026-02-07T22:30:07.526Z,2026-01-31T22:30:07.526Z,16,470,false,Deepa Nair,deepa.nair@hcltechnologies.com,Request for a callback from Avik. No details provided about the nature of inquiry.
ESC-0022,Document Issue - Groww Investments,Claim documents submitted via email as portal failed. No acknowledgement received for 34 days.,Groww Investments,SME,Document Issue,WhatsApp,Critical,77,In Progress,Ipsita Sahu,Decision,2026-02-13T22:30:07.526Z,2026-02-18T22:30:07.526Z,2026-02-14T02:30:07.526Z,13,,true,Vikram Singh,vikram.singh@growwinvestments.com,Claim documents submitted via email as portal failed. No acknowledgement received for 34 days.
ESC-0023,Onboarding Issue - Zerodha Broking,"Signed up 3 days ago. None of the 96 employees received health cards or portal credentials. Multiple emails sent, no response.",Zerodha Broking,SME,Onboarding Issue,WhatsApp,Critical,95,Open,Avik Bhandari,Acknowledgement,2026-03-15T22:30:07.526Z,2026-03-18T22:30:07.526Z,2026-03-16T02:30:07.526Z,,,true,Aditya Kapoor,aditya.kapoor@zerodhabroking.com,"Signed up 3 days ago. None of the 96 employees received health cards or portal credentials. Multiple emails sent, no response."
ESC-0024,Account Data Error - Hyperface Technologies,All information incorrect from premium to EIDs. Dashboard set up and policy placed with wrong data. Entire onboarding needs restart. Very sensitive customer.,Hyperface Technologies,Startup,Account Data Error,WhatsApp,Low,17,Closed,Abhishek Ranjan,Acknowledgement,2026-02-14T22:30:07.526Z,2026-02-23T22:30:07.526Z,2026-02-16T22:30:07.526Z,9,251,false,Swati Pandey,swati.pandey@hyperfacetechnologies.com,All information incorrect from premium to EIDs. Dashboard set up and policy placed with wrong data. Entire onboarding needs restart. Very sensitive customer.
ESC-0025,Premium Discrepancy - CRED Financial,GST calculation incorrect on premium invoice. Overcharged by Rs 43426. Finance team flagged the discrepancy.,CRED Financial,Mid-Market,Premium Discrepancy,Email,Critical,89,In Progress,Manashi Das,Follow-up,2026-02-02T22:30:07.526Z,2026-02-04T22:30:07.526Z,2026-02-03T02:30:07.526Z,14,,true,Anjali Menon,anjali.menon@credfinancial.com,GST calculation incorrect on premium invoice. Overcharged by Rs 43426. Finance team flagged the discrepancy.
ESC-0026,Billing/Invoice Issue - Razorpay Software,"Tax invoices requested 38 days ago, still pending. Finance team needs for quarterly filing.",Razorpay Software,Mid-Market,Billing/Invoice Issue,WhatsApp,Critical,80,Open,Susmita Roy,Decision,2026-02-28T22:30:07.526Z,2026-03-03T22:30:07.526Z,2026-03-01T02:30:07.526Z,,,true,Harsh Agarwal,harsh.agarwal@razorpaysoftware.com,"Tax invoices requested 38 days ago, still pending. Finance team needs for quarterly filing."
ESC-0027,Coverage Query - Swiggy Pvt Ltd,Query about room rent capping and its applicability across network hospitals.,Swiggy Pvt Ltd,Mid-Market,Coverage Query,WhatsApp,Low,29,Closed,Vaishnavi Bhat,Acknowledgement,2026-02-13T22:30:07.526Z,2026-02-18T22:30:07.526Z,2026-02-15T22:30:07.526Z,4,315,false,Arjun Reddy,arjun.reddy@swiggypvtltd.com,Query about room rent capping and its applicability across network hospitals.
ESC-0028,Portal/Tech Issue - BetterPlace Safety,Portal login failing for all HR admins since 6 days. Unable to manage endorsements or view claims status. Urgent fix needed.,BetterPlace Safety,Startup,Portal/Tech Issue,Slack,Critical,87,Closed,Vaishnavi Bhat,Unblock,2026-02-21T22:30:07.527Z,2026-03-03T22:30:07.527Z,2026-02-22T02:30:07.527Z,8,245,false,Karan Patel,karan.patel@betterplacesafety.com,Portal login failing for all HR admins since 6 days. Unable to manage endorsements or view claims status. Urgent fix needed.
ESC-0029,Service Complaint - HCL Technologies,Extremely disappointed with post-sale service. Support non-existent after policy issuance. Considering not recommending Plum to HR community.,HCL Technologies,Enterprise,Service Complaint,WhatsApp,Low,14,Closed,Prakrut Shah,Follow-up,2026-02-23T22:30:07.527Z,2026-03-05T22:30:07.527Z,2026-02-25T22:30:07.527Z,5,63,false,Ruchi Srivastava,ruchi.srivastava@hcltechnologies.com,Extremely disappointed with post-sale service. Support non-existent after policy issuance. Considering not recommending Plum to HR community.
ESC-0030,Cashless Failure - Kuku FM Audio,Cashless facility denied at network hospital. TPA system downtime caused failure. Patient had to pay out of pocket for surgery.,Kuku FM Audio,Startup,Cashless Failure,Slack,High,58,Open,Vaishnavi Bhat,Investigation,2026-02-07T22:30:07.527Z,2026-02-08T22:30:07.527Z,2026-02-08T10:30:07.527Z,,,true,Manish Tiwari,manish.tiwari@kukufmaudio.com,Cashless facility denied at network hospital. TPA system downtime caused failure. Patient had to pay out of pocket for surgery.
ESC-0031,Claim Delayed - Jupiter Money,Group claim for 160 employees stuck in processing. TPA not responding. Account threatening to switch insurers if not resolved within 32 days.,Jupiter Money,SME,Claim Delayed,Slack,Critical,71,Closed,Manashi Das,Acknowledgement,2026-02-03T22:30:07.527Z,2026-02-11T22:30:07.527Z,2026-02-04T02:30:07.527Z,2,238,false,Divya Pillai,divya.pillai@jupitermoney.com,Group claim for 160 employees stuck in processing. TPA not responding. Account threatening to switch insurers if not resolved within 32 days.
ESC-0032,Training Request - Salt Fintech,Request for on-site training at Mumbai office for 52 employees on how to use health benefits.,Salt Fintech,Startup,Training Request,Email,Critical,91,In Progress,Arun Saseedharan,Acknowledgement,2026-02-09T22:30:07.527Z,2026-02-12T22:30:07.527Z,2026-02-10T02:30:07.527Z,22,,true,Aditya Kapoor,aditya.kapoor@saltfintech.com,Request for on-site training at Mumbai office for 52 employees on how to use health benefits.
ESC-0033,Endorsement Pending - CodeNation Innovation,Bulk endorsement of 178 new joinees submitted 22 days ago. No confirmation received. New employees can't avail benefits.,CodeNation Innovation,Startup,Endorsement Pending,Email,Critical,79,Open,Rajorshi Chowdhury,Investigation,2026-01-22T22:30:07.527Z,2026-01-26T22:30:07.527Z,2026-01-23T02:30:07.527Z,,,true,Divya Pillai,divya.pillai@codenationinnovation.com,Bulk endorsement of 178 new joinees submitted 22 days ago. No confirmation received. New employees can't avail benefits.
ESC-0034,General Inquiry - Larsen & Toubro,Request for a callback from Avik. No details provided about the nature of inquiry.,Larsen & Toubro,Enterprise,General Inquiry,Email,High,60,Open,Arun Saseedharan,Follow-up,2026-03-07T22:30:07.527Z,2026-03-09T22:30:07.527Z,2026-03-08T10:30:07.527Z,,,true,Ritika Saxena,ritika.saxena@larsentoubro.com,Request for a callback from Avik. No details provided about the nature of inquiry.
ESC-0035,General Inquiry - Groww Investments,Request for a callback from Avik. No details provided about the nature of inquiry.,Groww Investments,SME,General Inquiry,Email,Low,14,In Progress,Susmita Roy,Investigation,2026-02-26T22:30:07.527Z,2026-03-02T22:30:07.527Z,2026-02-28T22:30:07.527Z,18,,true,Rohit Joshi,rohit.joshi@growwinvestments.com,Request for a callback from Avik. No details provided about the nature of inquiry.
ESC-0036,Document Issue - Zoho Corporation,Requested offline document submission option. No response in 41 days. Employee chasing Plum team for documents acceptance.,Zoho Corporation,Mid-Market,Document Issue,Slack,Low,28,Closed,Susmita Roy,Decision,2026-03-02T22:30:07.527Z,2026-03-12T22:30:07.527Z,2026-03-04T22:30:07.527Z,8,120,false,Siddharth Bhatt,siddharth.bhatt@zohocorporation.com,Requested offline document submission option. No response in 41 days. Employee chasing Plum team for documents acceptance.
ESC-0037,Onboarding Issue - Zoho Corporation,Policy issued but member data not uploaded correctly. 158 employees showing wrong names and DOBs. HR unable to distribute cards.,Zoho Corporation,Mid-Market,Onboarding Issue,Slack,Medium,46,Closed,Akshay Golechha,Decision,2026-03-14T22:30:07.527Z,2026-03-15T22:30:07.527Z,2026-03-15T22:30:07.527Z,5,252,false,Aditya Kapoor,aditya.kapoor@zohocorporation.com,Policy issued but member data not uploaded correctly. 158 employees showing wrong names and DOBs. HR unable to distribute cards.
ESC-0038,Renewal Issue - Mahindra & Mahindra,Policy lapsed due to payment processing failure. Employees currently uncovered. Urgent reinstatement needed.,Mahindra & Mahindra,Enterprise,Renewal Issue,Email,Medium,45,Closed,Susmita Roy,Unblock,2026-03-06T22:30:07.527Z,2026-03-08T22:30:07.527Z,2026-03-07T22:30:07.527Z,5,330,false,Ankit Verma,ankit.verma@mahindramahindra.com,Policy lapsed due to payment processing failure. Employees currently uncovered. Urgent reinstatement needed.
ESC-0039,Portal/Tech Issue - Hyperface Technologies,Portal login failing for all HR admins since 34 days. Unable to manage endorsements or view claims status. Urgent fix needed.,Hyperface Technologies,Startup,Portal/Tech Issue,Slack,Low,11,Closed,Vaishnavi Bhat,Investigation,2026-03-16T22:30:07.527Z,2026-03-19T22:30:07.527Z,2026-03-18T22:30:07.527Z,14,179,false,Ankit Verma,ankit.verma@hyperfacetechnologies.com,Portal login failing for all HR admins since 34 days. Unable to manage endorsements or view claims status. Urgent fix needed.
ESC-0040,TPA Coordination - Jupiter Money,TPA helpline unreachable for 26 days. Employees unable to get claim status updates.,Jupiter Money,SME,TPA Coordination,Slack,Critical,85,Open,Rather Faisal,Unblock,2026-01-27T22:30:07.527Z,2026-02-02T22:30:07.527Z,2026-01-28T02:30:07.527Z,,,true,Amit Thakur,amit.thakur@jupitermoney.com,TPA helpline unreachable for 26 days. Employees unable to get claim status updates.
ESC-0041,Onboarding Issue - Kuku FM Audio,Policy issued but member data not uploaded correctly. 96 employees showing wrong names and DOBs. HR unable to distribute cards.,Kuku FM Audio,Startup,Onboarding Issue,Email,Medium,45,Closed,Rajorshi Chowdhury,Acknowledgement,2026-02-27T22:30:07.527Z,2026-03-05T22:30:07.527Z,2026-02-28T22:30:07.527Z,16,99,false,Preeti Chauhan,preeti.chauhan@kukufmaudio.com,Policy issued but member data not uploaded correctly. 96 employees showing wrong names and DOBs. HR unable to distribute cards.
ESC-0042,Billing/Invoice Issue - Groww Investments,Invoice shows incorrect GST number. Needs correction urgently for compliance. Requested 38 days ago.,Groww Investments,SME,Billing/Invoice Issue,WhatsApp,Medium,43,Open,Vaishnavi Bhat,Unblock,2026-01-27T22:30:07.527Z,2026-02-03T22:30:07.527Z,2026-01-28T22:30:07.527Z,,,true,Deepa Nair,deepa.nair@growwinvestments.com,Invoice shows incorrect GST number. Needs correction urgently for compliance. Requested 38 days ago.
ESC-0043,Renewal Issue - PolicyBazaar,Renewal due in 43 days but no proposal received. Previous year had claim issues that need addressing before renewal discussion.,PolicyBazaar,Mid-Market,Renewal Issue,Email,Critical,95,In Progress,Rajorshi Chowdhury,Follow-up,2026-02-15T22:30:07.527Z,2026-02-17T22:30:07.527Z,2026-02-16T02:30:07.527Z,11,,true,Ankit Verma,ankit.verma@policybazaar.com,Renewal due in 43 days but no proposal received. Previous year had claim issues that need addressing before renewal discussion.
ESC-0044,Renewal Issue - Zerodha Broking,Renewal due in 27 days but no proposal received. Previous year had claim issues that need addressing before renewal discussion.,Zerodha Broking,SME,Renewal Issue,WhatsApp,Low,22,In Progress,Rajorshi Chowdhury,Follow-up,2026-01-25T22:30:07.527Z,2026-02-01T22:30:07.527Z,2026-01-27T22:30:07.527Z,8,,true,Karan Patel,karan.patel@zerodhabroking.com,Renewal due in 27 days but no proposal received. Previous year had claim issues that need addressing before renewal discussion.
ESC-0045,Training Request - Hyperface Technologies,Request for on-site training at Chennai office for 121 employees on how to use health benefits.,Hyperface Technologies,Startup,Training Request,Email,High,66,Closed,Nishita Kapoor,Decision,2026-03-15T22:30:07.527Z,2026-03-18T22:30:07.527Z,2026-03-16T10:30:07.527Z,8,100,false,Arjun Reddy,arjun.reddy@hyperfacetechnologies.com,Request for on-site training at Chennai office for 121 employees on how to use health benefits.
ESC-0046,TPA Coordination - Godrej Consumer Products,TPA helpline unreachable for 39 days. Employees unable to get claim status updates.,Godrej Consumer Products,Enterprise,TPA Coordination,Email,Critical,71,Open,Ipsita Sahu,Follow-up,2026-01-30T22:30:07.527Z,2026-02-07T22:30:07.527Z,2026-01-31T02:30:07.527Z,,,true,Nikhil Jain,nikhil.jain@godrejconsumerproducts.com,TPA helpline unreachable for 39 days. Employees unable to get claim status updates.
ESC-0047,Onboarding Issue - BetterPlace Safety,"Signed up 11 days ago. None of the 32 employees received health cards or portal credentials. Multiple emails sent, no response.",BetterPlace Safety,Startup,Onboarding Issue,WhatsApp,High,52,Closed,Vidushi M,Follow-up,2026-02-07T22:30:07.527Z,2026-02-13T22:30:07.527Z,2026-02-08T10:30:07.527Z,23,279,false,Rajesh Kumar,rajesh.kumar@betterplacesafety.com,"Signed up 11 days ago. None of the 32 employees received health cards or portal credentials. Multiple emails sent, no response."
ESC-0048,TPA Coordination - Kuku FM Audio,TPA not processing claims within SLA. 95 claims pending beyond 15 days. Account escalating to management.,Kuku FM Audio,Startup,TPA Coordination,WhatsApp,Medium,49,Closed,Arun Saseedharan,Follow-up,2026-02-04T22:30:07.527Z,2026-02-10T22:30:07.527Z,2026-02-05T22:30:07.527Z,7,226,false,Rohit Joshi,rohit.joshi@kukufmaudio.com,TPA not processing claims within SLA. 95 claims pending beyond 15 days. Account escalating to management.
ESC-0049,General Inquiry - PharmEasy Health,Request for a callback from Avik. No details provided about the nature of inquiry.,PharmEasy Health,Mid-Market,General Inquiry,Email,Critical,80,Closed,Abhishek Ranjan,Investigation,2026-03-13T22:30:07.527Z,2026-03-19T22:30:07.527Z,2026-03-14T02:30:07.527Z,13,405,false,Nandini Desai,nandini.desai@pharmeasyhealth.com,Request for a callback from Avik. No details provided about the nature of inquiry.
ESC-0050,Network Hospital Issue - Infosys BPO,Hospital empanelment request pending for 28 days. Key hospital in Chennai where majority employees are based.,Infosys BPO,Enterprise,Network Hospital Issue,Slack,High,57,In Progress,Rather Faisal,Investigation,2026-01-25T22:30:07.527Z,2026-02-03T22:30:07.527Z,2026-01-26T10:30:07.527Z,4,,true,Pooja Bansal,pooja.bansal@infosysbpo.com,Hospital empanelment request pending for 28 days. Key hospital in Chennai where majority employees are based.
ESC-0051,Billing/Invoice Issue - Reliance Industries,Invoice shows incorrect GST number. Needs correction urgently for compliance. Requested 38 days ago.,Reliance Industries,Enterprise,Billing/Invoice Issue,WhatsApp,High,58,In Progress,Avik Bhandari,Acknowledgement,2026-02-07T22:30:07.527Z,2026-02-14T22:30:07.527Z,2026-02-08T10:30:07.527Z,17,,true,Priya Mehta,priya.mehta@relianceindustries.com,Invoice shows incorrect GST number. Needs correction urgently for compliance. Requested 38 days ago.
ESC-0052,Endorsement Pending - Infosys BPO,Employee deletion request pending for 31 days. Account being charged for departed employees.,Infosys BPO,Enterprise,Endorsement Pending,Email,Medium,45,Open,Subash P,Acknowledgement,2026-03-09T22:30:07.527Z,2026-03-12T22:30:07.527Z,2026-03-10T22:30:07.527Z,,,true,Anjali Menon,anjali.menon@infosysbpo.com,Employee deletion request pending for 31 days. Account being charged for departed employees.
ESC-0053,Endorsement Pending - Zerodha Broking,Payment made 38 days ago to add 156 employees. Process should take 3-5 days but still pending. HR following up daily.,Zerodha Broking,SME,Endorsement Pending,Email,High,56,In Progress,Abhishek Ranjan,Follow-up,2026-01-18T22:30:07.527Z,2026-01-24T22:30:07.527Z,2026-01-19T10:30:07.527Z,12,,true,Siddharth Bhatt,siddharth.bhatt@zerodhabroking.com,Payment made 38 days ago to add 156 employees. Process should take 3-5 days but still pending. HR following up daily.
ESC-0054,Document Issue - Zoho Corporation,Requested offline document submission option. No response in 11 days. Employee chasing Plum team for documents acceptance.,Zoho Corporation,Mid-Market,Document Issue,Email,High,58,In Progress,Akshay Golechha,Investigation,2026-03-15T22:30:07.527Z,2026-03-18T22:30:07.527Z,2026-03-16T10:30:07.527Z,21,,true,Ritika Saxena,ritika.saxena@zohocorporation.com,Requested offline document submission option. No response in 11 days. Employee chasing Plum team for documents acceptance.
ESC-0055,Network Hospital Issue - PharmEasy Health,Network hospital refusing Plum cards citing non-payment from TPA. 79 cases affected this month.,PharmEasy Health,Mid-Market,Network Hospital Issue,Slack,Low,15,In Progress,Vaishnavi Bhat,Acknowledgement,2026-03-05T22:30:07.527Z,2026-03-11T22:30:07.527Z,2026-03-07T22:30:07.527Z,9,,true,Rahul Sharma,rahul.sharma@pharmeasyhealth.com,Network hospital refusing Plum cards citing non-payment from TPA. 79 cases affected this month.
ESC-0056,Premium Discrepancy - Lenskart Solutions,GST calculation incorrect on premium invoice. Overcharged by Rs 214493. Finance team flagged the discrepancy.,Lenskart Solutions,Mid-Market,Premium Discrepancy,Email,Medium,34,In Progress,Subash P,Follow-up,2026-02-04T22:30:07.527Z,2026-02-07T22:30:07.527Z,2026-02-05T22:30:07.527Z,13,,true,Nikhil Jain,nikhil.jain@lenskartsolutions.com,GST calculation incorrect on premium invoice. Overcharged by Rs 214493. Finance team flagged the discrepancy.
ESC-0057,Cashless Failure - Groww Investments,Cashless facility denied at network hospital. TPA system downtime caused failure. Patient had to pay out of pocket for surgery.,Groww Investments,SME,Cashless Failure,Email,Medium,37,Open,Nishita Kapoor,Unblock,2026-03-05T22:30:07.527Z,2026-03-12T22:30:07.527Z,2026-03-06T22:30:07.527Z,,,true,Ankit Verma,ankit.verma@growwinvestments.com,Cashless facility denied at network hospital. TPA system downtime caused failure. Patient had to pay out of pocket for surgery.
ESC-0058,Account Data Error - Park+ Technologies,Employee names misspelled in 175 health cards. Cannot be used at hospitals. Urgent reissue needed.,Park+ Technologies,SME,Account Data Error,WhatsApp,High,66,Open,Vaishnavi Bhat,Unblock,2026-02-25T22:30:07.527Z,2026-02-26T22:30:07.527Z,2026-02-26T10:30:07.527Z,,,true,Sunita Devi,sunita.devi@parktechnologies.com,Employee names misspelled in 175 health cards. Cannot be used at hospitals. Urgent reissue needed.
ESC-0059,Billing/Invoice Issue - Wipro Technologies,Credit note for member deletions not issued. Outstanding amount of Rs 376514 to be adjusted.,Wipro Technologies,Enterprise,Billing/Invoice Issue,Slack,Critical,70,Open,Prakrut Shah,Acknowledgement,2026-02-06T22:30:07.527Z,2026-02-15T22:30:07.527Z,2026-02-07T02:30:07.527Z,,,true,Deepa Nair,deepa.nair@wiprotechnologies.com,Credit note for member deletions not issued. Outstanding amount of Rs 376514 to be adjusted.
ESC-0060,Endorsement Pending - CRED Financial,Payment made 19 days ago to add 58 employees. Process should take 3-5 days but still pending. HR following up daily.,CRED Financial,Mid-Market,Endorsement Pending,WhatsApp,Medium,31,Open,Vaishnavi Bhat,Follow-up,2026-02-20T22:30:07.527Z,2026-02-25T22:30:07.527Z,2026-02-21T22:30:07.527Z,,,true,Priya Mehta,priya.mehta@credfinancial.com,Payment made 19 days ago to add 58 employees. Process should take 3-5 days but still pending. HR following up daily.
ESC-0061,Cashless Failure - Salt Fintech,Cashless facility denied at network hospital. TPA system downtime caused failure. Patient had to pay out of pocket for surgery.,Salt Fintech,Startup,Cashless Failure,Slack,Critical,78,Open,Akshay Golechha,Acknowledgement,2026-01-27T22:30:07.527Z,2026-02-03T22:30:07.527Z,2026-01-28T02:30:07.527Z,,,true,Sunita Devi,sunita.devi@saltfintech.com,Cashless facility denied at network hospital. TPA system downtime caused failure. Patient had to pay out of pocket for surgery.
ESC-0062,Reimbursement Delay - Larsen & Toubro,6 reimbursement claims from same account all stuck. Total outstanding: Rs 52513. HR demanding immediate resolution.,Larsen & Toubro,Enterprise,Reimbursement Delay,Slack,Critical,75,Closed,Abhishek Ranjan,Investigation,2026-02-11T22:30:07.527Z,2026-02-15T22:30:07.527Z,2026-02-12T02:30:07.527Z,7,454,false,Rajesh Kumar,rajesh.kumar@larsentoubro.com,6 reimbursement claims from same account all stuck. Total outstanding: Rs 52513. HR demanding immediate resolution.
ESC-0063,Billing/Invoice Issue - Zoho Corporation,"Tax invoices requested 31 days ago, still pending. Finance team needs for quarterly filing.",Zoho Corporation,Mid-Market,Billing/Invoice Issue,WhatsApp,Low,11,Closed,Manashi Das,Unblock,2026-01-26T22:30:07.527Z,2026-02-05T22:30:07.527Z,2026-01-28T22:30:07.527Z,16,217,false,Divya Pillai,divya.pillai@zohocorporation.com,"Tax invoices requested 31 days ago, still pending. Finance team needs for quarterly filing."
ESC-0064,Policy Issuance - Larsen & Toubro,Request for a callback from Avik. No details provided about the nature of inquiry.,Larsen & Toubro,Enterprise,Policy Issuance,Slack,High,55,Closed,Subash P,Investigation,2026-02-16T22:30:07.527Z,2026-02-20T22:30:07.527Z,2026-02-17T10:30:07.527Z,19,471,false,Saurabh Mishra,saurabh.mishra@larsentoubro.com,Request for a callback from Avik. No details provided about the nature of inquiry.
ESC-0065,Onboarding Issue - Kuku FM Audio,"Onboarding promised in 5 business days, now 18 days. New joinees cannot avail benefits. HR receiving daily complaints.",Kuku FM Audio,Startup,Onboarding Issue,WhatsApp,Critical,81,In Progress,Susmita Roy,Follow-up,2026-02-08T22:30:07.527Z,2026-02-15T22:30:07.527Z,2026-02-09T02:30:07.527Z,12,,true,Ritika Saxena,ritika.saxena@kukufmaudio.com,"Onboarding promised in 5 business days, now 18 days. New joinees cannot avail benefits. HR receiving daily complaints."
ESC-0066,Document Issue - Jar App Fintech,Claim documents submitted via email as portal failed. No acknowledgement received for 25 days.,Jar App Fintech,Startup,Document Issue,Slack,Critical,90,In Progress,Nishita Kapoor,Investigation,2026-02-26T22:30:07.527Z,2026-03-06T22:30:07.527Z,2026-02-27T02:30:07.527Z,9,,true,Karan Patel,karan.patel@jarappfintech.com,Claim documents submitted via email as portal failed. No acknowledgement received for 25 days.
ESC-0067,Training Request - Larsen & Toubro,Employees haven't started using Plum app. Previous training session not engaging. Requesting dedicated session for their team.,Larsen & Toubro,Enterprise,Training Request,WhatsApp,High,68,Closed,Subash P,Investigation,2026-02-27T22:30:07.527Z,2026-03-08T22:30:07.527Z,2026-02-28T10:30:07.527Z,3,203,false,Swati Pandey,swati.pandey@larsentoubro.com,Employees haven't started using Plum app. Previous training session not engaging. Requesting dedicated session for their team.
ESC-0068,Coverage Query - Larsen & Toubro,Employee asking if maternity coverage applies to new joinees. Waiting period clarification needed.,Larsen & Toubro,Enterprise,Coverage Query,Email,Critical,90,Open,Vaishnavi Bhat,Decision,2026-01-25T22:30:07.527Z,2026-02-02T22:30:07.527Z,2026-01-26T02:30:07.527Z,,,true,Varun Malhotra,varun.malhotra@larsentoubro.com,Employee asking if maternity coverage applies to new joinees. Waiting period clarification needed.
ESC-0069,Onboarding Issue - Razorpay Software,Policy issued but member data not uploaded correctly. 56 employees showing wrong names and DOBs. HR unable to distribute cards.,Razorpay Software,Mid-Market,Onboarding Issue,Slack,Medium,35,In Progress,Akshay Golechha,Follow-up,2026-03-09T22:30:07.527Z,2026-03-13T22:30:07.527Z,2026-03-10T22:30:07.527Z,5,,true,Preeti Chauhan,preeti.chauhan@razorpaysoftware.com,Policy issued but member data not uploaded correctly. 56 employees showing wrong names and DOBs. HR unable to distribute cards.
ESC-0070,Service Complaint - Godrej Consumer Products,Multiple escalations raised over 44 days with no resolution. Customer refusing to fill satisfaction survey. Threatening negative publicity.,Godrej Consumer Products,Enterprise,Service Complaint,Email,Low,11,Open,Susmita Roy,Decision,2026-01-25T22:30:07.527Z,2026-02-04T22:30:07.527Z,2026-01-27T22:30:07.527Z,,,true,Meera Krishnan,meera.krishnan@godrejconsumerproducts.com,Multiple escalations raised over 44 days with no resolution. Customer refusing to fill satisfaction survey. Threatening negative publicity.
ESC-0071,General Inquiry - Infosys BPO,"Brother looking for insurance for his firm. Referral request, not an escalation.",Infosys BPO,Enterprise,General Inquiry,Slack,Medium,33,Open,Arun Saseedharan,Unblock,2026-03-07T22:30:07.527Z,2026-03-13T22:30:07.527Z,2026-03-08T22:30:07.527Z,,,true,Ritika Saxena,ritika.saxena@infosysbpo.com,"Brother looking for insurance for his firm. Referral request, not an escalation."
ESC-0072,Premium Discrepancy - Swiggy Pvt Ltd,GST calculation incorrect on premium invoice. Overcharged by Rs 353104. Finance team flagged the discrepancy.,Swiggy Pvt Ltd,Mid-Market,Premium Discrepancy,Email,High,53,Open,Rajorshi Chowdhury,Investigation,2026-02-24T22:30:07.527Z,2026-03-04T22:30:07.527Z,2026-02-25T10:30:07.527Z,,,true,Swati Pandey,swati.pandey@swiggypvtltd.com,GST calculation incorrect on premium invoice. Overcharged by Rs 353104. Finance team flagged the discrepancy.
ESC-0073,Coverage Query - NxtWave Disruptive Tech,HR asking about dental coverage under current plan. Need list of covered procedures for employee communication.,NxtWave Disruptive Tech,SME,Coverage Query,WhatsApp,Critical,89,Blocked,Prakrut Shah,Acknowledgement,2026-03-13T22:30:07.527Z,2026-03-18T22:30:07.527Z,2026-03-14T02:30:07.527Z,15,,true,Rohit Joshi,rohit.joshi@nxtwavedisruptivetech.com,HR asking about dental coverage under current plan. Need list of covered procedures for employee communication.
ESC-0074,Cashless Failure - Zerodha Broking,Emergency hospitalization at Fortis Hospital. Cashless request rejected - system showing policy inactive despite renewal last month. Hospital demanding 370455 deposit.,Zerodha Broking,SME,Cashless Failure,Slack,Critical,92,Closed,Akshay Golechha,Investigation,2026-02-11T22:30:07.527Z,2026-02-16T22:30:07.527Z,2026-02-12T02:30:07.527Z,5,473,false,Arjun Reddy,arjun.reddy@zerodhabroking.com,Emergency hospitalization at Fortis Hospital. Cashless request rejected - system showing policy inactive despite renewal last month. Hospital demanding 370455 deposit.
ESC-0075,Billing/Invoice Issue - Jar App Fintech,"Tax invoices requested 13 days ago, still pending. Finance team needs for quarterly filing.",Jar App Fintech,Startup,Billing/Invoice Issue,Email,High,67,Closed,Vidushi M,Investigation,2026-02-23T22:30:07.527Z,2026-02-24T22:30:07.527Z,2026-02-24T10:30:07.527Z,2,385,false,Anjali Menon,anjali.menon@jarappfintech.com,"Tax invoices requested 13 days ago, still pending. Finance team needs for quarterly filing."
ESC-0076,Network Hospital Issue - NxtWave Disruptive Tech,Hospital empanelment request pending for 29 days. Key hospital in Gurgaon where majority employees are based.,NxtWave Disruptive Tech,SME,Network Hospital Issue,WhatsApp,High,50,In Progress,Manashi Das,Unblock,2026-02-05T22:30:07.527Z,2026-02-15T22:30:07.527Z,2026-02-06T10:30:07.527Z,20,,true,Pooja Bansal,pooja.bansal@nxtwavedisruptivetech.com,Hospital empanelment request pending for 29 days. Key hospital in Gurgaon where majority employees are based.
ESC-0077,Account Data Error - Infosys BPO,All information incorrect from premium to EIDs. Dashboard set up and policy placed with wrong data. Entire onboarding needs restart. Very sensitive customer.,Infosys BPO,Enterprise,Account Data Error,WhatsApp,Critical,81,Closed,Avik Bhandari,Acknowledgement,2026-02-02T22:30:07.527Z,2026-02-04T22:30:07.527Z,2026-02-03T02:30:07.527Z,11,217,false,Neha Gupta,neha.gupta@infosysbpo.com,All information incorrect from premium to EIDs. Dashboard set up and policy placed with wrong data. Entire onboarding needs restart. Very sensitive customer.
ESC-0078,General Inquiry - PharmEasy Health,Requesting overview meeting to discuss policy utilization and upcoming renewal.,PharmEasy Health,Mid-Market,General Inquiry,Email,High,59,Open,Prakrut Shah,Acknowledgement,2026-02-18T22:30:07.527Z,2026-02-25T22:30:07.527Z,2026-02-19T10:30:07.527Z,,,true,Rahul Sharma,rahul.sharma@pharmeasyhealth.com,Requesting overview meeting to discuss policy utilization and upcoming renewal.
ESC-0079,Account Data Error - BetterPlace Safety,All information incorrect from premium to EIDs. Dashboard set up and policy placed with wrong data. Entire onboarding needs restart. Very sensitive customer.,BetterPlace Safety,Startup,Account Data Error,Slack,Medium,44,Open,Vaishnavi Bhat,Decision,2026-02-06T22:30:07.527Z,2026-02-13T22:30:07.527Z,2026-02-07T22:30:07.527Z,,,true,Deepa Nair,deepa.nair@betterplacesafety.com,All information incorrect from premium to EIDs. Dashboard set up and policy placed with wrong data. Entire onboarding needs restart. Very sensitive customer.
ESC-0080,Training Request - Swiggy Pvt Ltd,Request for on-site training at Kolkata office for 47 employees on how to use health benefits.,Swiggy Pvt Ltd,Mid-Market,Training Request,WhatsApp,Critical,83,Blocked,Akshay Golechha,Follow-up,2026-01-26T22:30:07.527Z,2026-01-31T22:30:07.527Z,2026-01-27T02:30:07.527Z,9,,true,Divya Pillai,divya.pillai@swiggypvtltd.com,Request for on-site training at Kolkata office for 47 employees on how to use health benefits.
ESC-0081,Premium Discrepancy - Mahindra & Mahindra,GST calculation incorrect on premium invoice. Overcharged by Rs 62702. Finance team flagged the discrepancy.,Mahindra & Mahindra,Enterprise,Premium Discrepancy,Slack,Critical,89,Open,Susmita Roy,Investigation,2026-02-14T22:30:07.527Z,2026-02-24T22:30:07.527Z,2026-02-15T02:30:07.527Z,,,true,Ruchi Srivastava,ruchi.srivastava@mahindramahindra.com,GST calculation incorrect on premium invoice. Overcharged by Rs 62702. Finance team flagged the discrepancy.
ESC-0082,Cashless Failure - Zerodha Broking,Pre-authorized cashless for planned surgery denied at last minute. Patient already admitted. Hospital threatening to discharge.,Zerodha Broking,SME,Cashless Failure,Email,High,57,In Progress,Subash P,Investigation,2026-03-04T22:30:07.527Z,2026-03-14T22:30:07.527Z,2026-03-05T10:30:07.527Z,11,,true,Amit Thakur,amit.thakur@zerodhabroking.com,Pre-authorized cashless for planned surgery denied at last minute. Patient already admitted. Hospital threatening to discharge.
ESC-0083,Policy Issuance - Zerodha Broking,Request for a callback from Avik. No details provided about the nature of inquiry.,Zerodha Broking,SME,Policy Issuance,Email,Critical,89,In Progress,Vidushi M,Follow-up,2026-02-18T22:30:07.527Z,2026-02-20T22:30:07.527Z,2026-02-19T02:30:07.527Z,16,,true,Swati Pandey,swati.pandey@zerodhabroking.com,Request for a callback from Avik. No details provided about the nature of inquiry.
ESC-0084,Premium Discrepancy - NxtWave Disruptive Tech,Premium charged doesn't match quote. Difference of Rs 197661. Account requesting clarification and adjustment.,NxtWave Disruptive Tech,SME,Premium Discrepancy,WhatsApp,Low,27,Blocked,Subash P,Unblock,2026-03-03T22:30:07.527Z,2026-03-04T22:30:07.527Z,2026-03-05T22:30:07.527Z,14,,true,Karan Patel,karan.patel@nxtwavedisruptivetech.com,Premium charged doesn't match quote. Difference of Rs 197661. Account requesting clarification and adjustment.
ESC-0085,Document Issue - Salt Fintech,Documents uploaded but system not accepting format. Color vs B&W and placement requirements unclear. Repeated uploads failing.,Salt Fintech,Startup,Document Issue,Email,Low,11,Closed,Ipsita Sahu,Follow-up,2026-02-16T22:30:07.527Z,2026-02-17T22:30:07.527Z,2026-02-18T22:30:07.527Z,14,384,false,Pooja Bansal,pooja.bansal@saltfintech.com,Documents uploaded but system not accepting format. Color vs B&W and placement requirements unclear. Repeated uploads failing.
ESC-0086,Renewal Issue - Tata Consultancy Services,Renewal due in 9 days but no proposal received. Previous year had claim issues that need addressing before renewal discussion.,Tata Consultancy Services,Enterprise,Renewal Issue,WhatsApp,High,53,In Progress,Abhishek Ranjan,Follow-up,2026-03-11T22:30:07.527Z,2026-03-13T22:30:07.527Z,2026-03-12T10:30:07.527Z,19,,true,Ruchi Srivastava,ruchi.srivastava@tataconsultancyservices.com,Renewal due in 9 days but no proposal received. Previous year had claim issues that need addressing before renewal discussion.
ESC-0087,Claim Delayed - Reliance Industries,Claim #CLM-2026-7875 pending for 4 days with no update. Employee Kavita Rao hospitalized at Max Hospital. HR escalating due to no response from claims team.,Reliance Industries,Enterprise,Claim Delayed,Slack,Medium,38,Blocked,Vidushi M,Decision,2026-03-18T22:30:07.527Z,2026-03-19T22:30:07.527Z,2026-03-19T22:30:07.527Z,15,,false,Siddharth Bhatt,siddharth.bhatt@relianceindustries.com,Claim #CLM-2026-7875 pending for 4 days with no update. Employee Kavita Rao hospitalized at Max Hospital. HR escalating due to no response from claims team.
ESC-0088,Coverage Query - Tata Consultancy Services,Query about room rent capping and its applicability across network hospitals.,Tata Consultancy Services,Enterprise,Coverage Query,Slack,High,61,Closed,Vidushi M,Follow-up,2026-02-11T22:30:07.527Z,2026-02-13T22:30:07.527Z,2026-02-12T10:30:07.527Z,10,316,false,Ritika Saxena,ritika.saxena@tataconsultancyservices.com,Query about room rent capping and its applicability across network hospitals.
ESC-0089,Account Data Error - Larsen & Toubro,All information incorrect from premium to EIDs. Dashboard set up and policy placed with wrong data. Entire onboarding needs restart. Very sensitive customer.,Larsen & Toubro,Enterprise,Account Data Error,Slack,Medium,41,In Progress,Avik Bhandari,Acknowledgement,2026-02-24T22:30:07.527Z,2026-03-02T22:30:07.527Z,2026-02-25T22:30:07.527Z,17,,true,Amit Thakur,amit.thakur@larsentoubro.com,All information incorrect from premium to EIDs. Dashboard set up and policy placed with wrong data. Entire onboarding needs restart. Very sensitive customer.
ESC-0090,Service Complaint - Swiggy Pvt Ltd,Extremely disappointed with post-sale service. Support non-existent after policy issuance. Considering not recommending Plum to HR community.,Swiggy Pvt Ltd,Mid-Market,Service Complaint,WhatsApp,Medium,30,Closed,Ipsita Sahu,Follow-up,2026-02-27T22:30:07.527Z,2026-03-08T22:30:07.527Z,2026-02-28T22:30:07.527Z,19,210,false,Divya Pillai,divya.pillai@swiggypvtltd.com,Extremely disappointed with post-sale service. Support non-existent after policy issuance. Considering not recommending Plum to HR community.
ESC-0091,Document Issue - HCL Technologies,Claim documents submitted via email as portal failed. No acknowledgement received for 5 days.,HCL Technologies,Enterprise,Document Issue,Email,Medium,37,In Progress,Avik Bhandari,Follow-up,2026-01-30T22:30:07.527Z,2026-02-03T22:30:07.527Z,2026-01-31T22:30:07.527Z,9,,true,Amit Thakur,amit.thakur@hcltechnologies.com,Claim documents submitted via email as portal failed. No acknowledgement received for 5 days.
ESC-0092,Cashless Failure - Mahindra & Mahindra,Emergency hospitalization at Medanta. Cashless request rejected - system showing policy inactive despite renewal last month. Hospital demanding 160456 deposit.,Mahindra & Mahindra,Enterprise,Cashless Failure,Slack,Critical,82,In Progress,Vaishnavi Bhat,Follow-up,2026-01-23T22:30:07.527Z,2026-01-27T22:30:07.527Z,2026-01-24T02:30:07.527Z,12,,true,Aditya Kapoor,aditya.kapoor@mahindramahindra.com,Emergency hospitalization at Medanta. Cashless request rejected - system showing policy inactive despite renewal last month. Hospital demanding 160456 deposit.
ESC-0093,Account Data Error - Upgrad Education,Employee names misspelled in 168 health cards. Cannot be used at hospitals. Urgent reissue needed.,Upgrad Education,SME,Account Data Error,Email,Medium,32,Open,Vaishnavi Bhat,Acknowledgement,2026-01-20T22:30:07.527Z,2026-01-26T22:30:07.527Z,2026-01-21T22:30:07.527Z,,,true,Arjun Reddy,arjun.reddy@upgradeducation.com,Employee names misspelled in 168 health cards. Cannot be used at hospitals. Urgent reissue needed.
ESC-0094,Portal/Tech Issue - Larsen & Toubro,Document upload failing repeatedly. Specific format requirements not clearly mentioned. Website crashed after lengthy upload process.,Larsen & Toubro,Enterprise,Portal/Tech Issue,WhatsApp,Critical,94,Closed,Manashi Das,Follow-up,2026-03-07T22:30:07.527Z,2026-03-12T22:30:07.527Z,2026-03-08T02:30:07.527Z,17,300,false,Nikhil Jain,nikhil.jain@larsentoubro.com,Document upload failing repeatedly. Specific format requirements not clearly mentioned. Website crashed after lengthy upload process.
ESC-0095,Network Hospital Issue - Park+ Technologies,Hospital empanelment request pending for 7 days. Key hospital in Mumbai where majority employees are based.,Park+ Technologies,SME,Network Hospital Issue,WhatsApp,High,63,Closed,Vaishnavi Bhat,Acknowledgement,2026-03-05T22:30:07.527Z,2026-03-07T22:30:07.527Z,2026-03-06T10:30:07.527Z,4,171,false,Saurabh Mishra,saurabh.mishra@parktechnologies.com,Hospital empanelment request pending for 7 days. Key hospital in Mumbai where majority employees are based.
ESC-0096,Health ID Missing - Zoho Corporation,E-cards showing error for entire department. 118 members affected. Some have medical appointments scheduled this week.,Zoho Corporation,Mid-Market,Health ID Missing,Email,Low,20,Blocked,Nishita Kapoor,Investigation,2026-01-19T22:30:07.527Z,2026-01-27T22:30:07.527Z,2026-01-21T22:30:07.527Z,6,,true,Vikram Singh,vikram.singh@zohocorporation.com,E-cards showing error for entire department. 118 members affected. Some have medical appointments scheduled this week.
ESC-0097,Training Request - PolicyBazaar,Request for on-site training at Chennai office for 7 employees on how to use health benefits.,PolicyBazaar,Mid-Market,Training Request,Email,Critical,76,Blocked,Mikhel Dhiman,Decision,2026-02-09T22:30:07.527Z,2026-02-13T22:30:07.527Z,2026-02-10T02:30:07.527Z,12,,true,Pooja Bansal,pooja.bansal@policybazaar.com,Request for on-site training at Chennai office for 7 employees on how to use health benefits.
ESC-0098,Claim Rejected - Wipro Technologies,Claim rejected citing pre-existing condition but employee disclosed condition during enrollment. Requesting review and exception processing.,Wipro Technologies,Enterprise,Claim Rejected,WhatsApp,Low,20,Closed,Avik Bhandari,Follow-up,2026-02-27T22:30:07.527Z,2026-03-06T22:30:07.527Z,2026-03-01T22:30:07.527Z,6,344,false,Ruchi Srivastava,ruchi.srivastava@wiprotechnologies.com,Claim rejected citing pre-existing condition but employee disclosed condition during enrollment. Requesting review and exception processing.
ESC-0099,Reimbursement Delay - Zerodha Broking,58 reimbursement claims from same account all stuck. Total outstanding: Rs 55576. HR demanding immediate resolution.,Zerodha Broking,SME,Reimbursement Delay,Slack,Low,29,Closed,Susmita Roy,Unblock,2026-02-04T22:30:07.527Z,2026-02-09T22:30:07.527Z,2026-02-06T22:30:07.527Z,1,166,false,Aditya Kapoor,aditya.kapoor@zerodhabroking.com,58 reimbursement claims from same account all stuck. Total outstanding: Rs 55576. HR demanding immediate resolution.
ESC-0100,Account Data Error - Upgrad Education,Employee names misspelled in 110 health cards. Cannot be used at hospitals. Urgent reissue needed.,Upgrad Education,SME,Account Data Error,Slack,High,69,Open,Avik Bhandari,Unblock,2026-02-06T22:30:07.527Z,2026-02-13T22:30:07.527Z,2026-02-07T10:30:07.527Z,,,true,Meera Krishnan,meera.krishnan@upgradeducation.com,Employee names misspelled in 110 health cards. Cannot be used at hospitals. Urgent reissue needed.
ESC-0101,Billing/Invoice Issue - Jupiter Money,"Tax invoices requested 20 days ago, still pending. Finance team needs for quarterly filing.",Jupiter Money,SME,Billing/Invoice Issue,Email,Medium,49,Closed,Ipsita Sahu,Unblock,2026-02-25T22:30:07.527Z,2026-03-04T22:30:07.527Z,2026-02-26T22:30:07.527Z,24,395,false,Rahul Sharma,rahul.sharma@jupitermoney.com,"Tax invoices requested 20 days ago, still pending. Finance team needs for quarterly filing."
ESC-0102,Onboarding Issue - Simplilearn Solutions,"Onboarding promised in 5 business days, now 31 days. New joinees cannot avail benefits. HR receiving daily complaints.",Simplilearn Solutions,SME,Onboarding Issue,Email,Medium,31,In Progress,Akshay Golechha,Investigation,2026-02-12T22:30:07.527Z,2026-02-17T22:30:07.527Z,2026-02-13T22:30:07.527Z,20,,true,Nandini Desai,nandini.desai@simplilearnsolutions.com,"Onboarding promised in 5 business days, now 31 days. New joinees cannot avail benefits. HR receiving daily complaints."
ESC-0103,TPA Coordination - Groww Investments,TPA helpline unreachable for 15 days. Employees unable to get claim status updates.,Groww Investments,SME,TPA Coordination,WhatsApp,Critical,74,In Progress,Abhishek Ranjan,Follow-up,2026-02-16T22:30:07.527Z,2026-02-17T22:30:07.527Z,2026-02-17T02:30:07.527Z,10,,true,Priya Mehta,priya.mehta@growwinvestments.com,TPA helpline unreachable for 15 days. Employees unable to get claim status updates.
ESC-0104,Coverage Query - Wipro Technologies,Employee asking if maternity coverage applies to new joinees. Waiting period clarification needed.,Wipro Technologies,Enterprise,Coverage Query,WhatsApp,Critical,76,Closed,Prakrut Shah,Follow-up,2026-02-18T22:30:07.527Z,2026-02-20T22:30:07.527Z,2026-02-19T02:30:07.527Z,20,290,false,Nandini Desai,nandini.desai@wiprotechnologies.com,Employee asking if maternity coverage applies to new joinees. Waiting period clarification needed.
ESC-0105,Onboarding Issue - Larsen & Toubro,"Signed up 37 days ago. None of the 190 employees received health cards or portal credentials. Multiple emails sent, no response.",Larsen & Toubro,Enterprise,Onboarding Issue,WhatsApp,High,56,Open,Ipsita Sahu,Unblock,2026-02-09T22:30:07.528Z,2026-02-12T22:30:07.528Z,2026-02-10T10:30:07.528Z,,,true,Rohit Joshi,rohit.joshi@larsentoubro.com,"Signed up 37 days ago. None of the 190 employees received health cards or portal credentials. Multiple emails sent, no response."
ESC-0106,Cashless Failure - NxtWave Disruptive Tech,Pre-authorized cashless for planned surgery denied at last minute. Patient already admitted. Hospital threatening to discharge.,NxtWave Disruptive Tech,SME,Cashless Failure,Email,Critical,94,Closed,Ipsita Sahu,Unblock,2026-03-03T22:30:07.528Z,2026-03-08T22:30:07.528Z,2026-03-04T02:30:07.528Z,5,363,false,Pooja Bansal,pooja.bansal@nxtwavedisruptivetech.com,Pre-authorized cashless for planned surgery denied at last minute. Patient already admitted. Hospital threatening to discharge.
ESC-0107,Portal/Tech Issue - CodeNation Innovation,Document upload failing repeatedly. Specific format requirements not clearly mentioned. Website crashed after lengthy upload process.,CodeNation Innovation,Startup,Portal/Tech Issue,WhatsApp,Critical,77,Closed,Arun Saseedharan,Unblock,2026-02-05T22:30:07.528Z,2026-02-07T22:30:07.528Z,2026-02-06T02:30:07.528Z,12,258,false,Preeti Chauhan,preeti.chauhan@codenationinnovation.com,Document upload failing repeatedly. Specific format requirements not clearly mentioned. Website crashed after lengthy upload process.
ESC-0108,Endorsement Pending - Simplilearn Solutions,Payment made 30 days ago to add 59 employees. Process should take 3-5 days but still pending. HR following up daily.,Simplilearn Solutions,SME,Endorsement Pending,Slack,Medium,47,In Progress,Manashi Das,Investigation,2026-01-29T22:30:07.528Z,2026-02-07T22:30:07.528Z,2026-01-30T22:30:07.528Z,18,,true,Siddharth Bhatt,siddharth.bhatt@simplilearnsolutions.com,Payment made 30 days ago to add 59 employees. Process should take 3-5 days but still pending. HR following up daily.
ESC-0109,Claim Rejected - Zoho Corporation,Day care claim rejected - valid day care summary not provided. Need to process as exception per management discussion.,Zoho Corporation,Mid-Market,Claim Rejected,Slack,High,57,Open,Arun Saseedharan,Investigation,2026-01-25T22:30:07.528Z,2026-02-04T22:30:07.528Z,2026-01-26T10:30:07.528Z,,,true,Meera Krishnan,meera.krishnan@zohocorporation.com,Day care claim rejected - valid day care summary not provided. Need to process as exception per management discussion.
ESC-0110,Policy Issuance - Testbook Edu Solutions,"Brother looking for insurance for his firm. Referral request, not an escalation.",Testbook Edu Solutions,SME,Policy Issuance,Email,Critical,76,Closed,Manashi Das,Investigation,2026-02-21T22:30:07.528Z,2026-03-01T22:30:07.528Z,2026-02-22T02:30:07.528Z,3,222,false,Pooja Bansal,pooja.bansal@testbookedusolutions.com,"Brother looking for insurance for his firm. Referral request, not an escalation."
ESC-0111,Endorsement Pending - PolicyBazaar,Bulk endorsement of 83 new joinees submitted 10 days ago. No confirmation received. New employees can't avail benefits.,PolicyBazaar,Mid-Market,Endorsement Pending,Slack,High,64,Closed,Subash P,Acknowledgement,2026-02-04T22:30:07.528Z,2026-02-09T22:30:07.528Z,2026-02-05T10:30:07.528Z,6,471,false,Manish Tiwari,manish.tiwari@policybazaar.com,Bulk endorsement of 83 new joinees submitted 10 days ago. No confirmation received. New employees can't avail benefits.
ESC-0112,Health ID Missing - Reliance Industries,Health ID generation failed for bulk upload of 45 members. System error not resolved. Blocking cashless claims.,Reliance Industries,Enterprise,Health ID Missing,Slack,High,66,Open,Prakrut Shah,Acknowledgement,2026-02-26T22:30:07.528Z,2026-03-07T22:30:07.528Z,2026-02-27T10:30:07.528Z,,,true,Amit Thakur,amit.thakur@relianceindustries.com,Health ID generation failed for bulk upload of 45 members. System error not resolved. Blocking cashless claims.
ESC-0113,Account Data Error - Simplilearn Solutions,Employee names misspelled in 73 health cards. Cannot be used at hospitals. Urgent reissue needed.,Simplilearn Solutions,SME,Account Data Error,WhatsApp,High,61,Closed,Manashi Das,Acknowledgement,2026-03-11T22:30:07.528Z,2026-03-12T22:30:07.528Z,2026-03-12T10:30:07.528Z,5,298,false,Siddharth Bhatt,siddharth.bhatt@simplilearnsolutions.com,Employee names misspelled in 73 health cards. Cannot be used at hospitals. Urgent reissue needed.
ESC-0114,TPA Coordination - Hyperface Technologies,TPA helpline unreachable for 25 days. Employees unable to get claim status updates.,Hyperface Technologies,Startup,TPA Coordination,Email,Medium,48,Closed,Vaishnavi Bhat,Acknowledgement,2026-02-26T22:30:07.528Z,2026-03-06T22:30:07.528Z,2026-02-27T22:30:07.528Z,19,99,false,Ankit Verma,ankit.verma@hyperfacetechnologies.com,TPA helpline unreachable for 25 days. Employees unable to get claim status updates.
ESC-0115,Claim Delayed - Groww Investments,Claim #CLM-2026-7076 pending for 39 days with no update. Employee Ritika Saxena hospitalized at AIIMS. HR escalating due to no response from claims team.,Groww Investments,SME,Claim Delayed,Slack,High,53,Blocked,Ipsita Sahu,Decision,2026-03-12T22:30:07.528Z,2026-03-13T22:30:07.528Z,2026-03-13T10:30:07.528Z,9,,true,Nikhil Jain,nikhil.jain@growwinvestments.com,Claim #CLM-2026-7076 pending for 39 days with no update. Employee Ritika Saxena hospitalized at AIIMS. HR escalating due to no response from claims team.
ESC-0116,Cashless Failure - Park+ Technologies,Emergency hospitalization at Manipal Hospital. Cashless request rejected - system showing policy inactive despite renewal last month. Hospital demanding 180979 deposit.,Park+ Technologies,SME,Cashless Failure,WhatsApp,High,53,Closed,Vidushi M,Acknowledgement,2026-01-18T22:30:07.528Z,2026-01-26T22:30:07.528Z,2026-01-19T10:30:07.528Z,6,156,false,Meera Krishnan,meera.krishnan@parktechnologies.com,Emergency hospitalization at Manipal Hospital. Cashless request rejected - system showing policy inactive despite renewal last month. Hospital demanding 180979 deposit.
ESC-0117,Claim Rejected - CodeNation Innovation,Cashless claim converted to reimbursement was rejected on technicality. Hospital confirmed treatment was covered under policy terms.,CodeNation Innovation,Startup,Claim Rejected,Slack,High,54,Blocked,Rather Faisal,Decision,2026-02-25T22:30:07.528Z,2026-02-27T22:30:07.528Z,2026-02-26T10:30:07.528Z,9,,true,Ankit Verma,ankit.verma@codenationinnovation.com,Cashless claim converted to reimbursement was rejected on technicality. Hospital confirmed treatment was covered under policy terms.
ESC-0118,Renewal Issue - CRED Financial,Renewal quote received with 37% premium hike. Account pushing back. Competitor offering lower rates. Need retention strategy.,CRED Financial,Mid-Market,Renewal Issue,Email,Medium,44,In Progress,Ipsita Sahu,Unblock,2026-03-07T22:30:07.528Z,2026-03-16T22:30:07.528Z,2026-03-08T22:30:07.528Z,8,,true,Arjun Reddy,arjun.reddy@credfinancial.com,Renewal quote received with 37% premium hike. Account pushing back. Competitor offering lower rates. Need retention strategy.
ESC-0119,Portal/Tech Issue - Groww Investments,Document upload failing repeatedly. Specific format requirements not clearly mentioned. Website crashed after lengthy upload process.,Groww Investments,SME,Portal/Tech Issue,WhatsApp,Low,17,In Progress,Nishita Kapoor,Investigation,2026-01-26T22:30:07.528Z,2026-01-27T22:30:07.528Z,2026-01-28T22:30:07.528Z,2,,true,Harsh Agarwal,harsh.agarwal@growwinvestments.com,Document upload failing repeatedly. Specific format requirements not clearly mentioned. Website crashed after lengthy upload process.
ESC-0120,Premium Discrepancy - Reliance Industries,GST calculation incorrect on premium invoice. Overcharged by Rs 424806. Finance team flagged the discrepancy.,Reliance Industries,Enterprise,Premium Discrepancy,Slack,Critical,76,In Progress,Abhishek Ranjan,Acknowledgement,2026-02-07T22:30:07.528Z,2026-02-16T22:30:07.528Z,2026-02-08T02:30:07.528Z,6,,true,Ritika Saxena,ritika.saxena@relianceindustries.com,GST calculation incorrect on premium invoice. Overcharged by Rs 424806. Finance team flagged the discrepancy.